{"cameraMode":{"drawMode":0,"name":"Shaded","section":"Shading Mode"},"sceneLighting":false,"audioPlay":false,"sceneViewState":{"showFog":true,"showMaterialUpdate":false,"showSkybox":false,"showFlares":true,"showImageEffects":true,"showParticleSystems":true},"in2DMode":false,"pivot":{"x":10.397942543029786,"y":1.8455711603164673,"z":10.640000343322754},"rotation":{"x":0.22435708343982697,"y":0.30437371134757998,"z":-0.0740017518401146,"w":0.9227970838546753},"size":1.251562476158142,"orthographic":false}