{"cameraMode":{"drawMode":0,"name":"Shaded","section":"Shading Mode"},"sceneLighting":false,"audioPlay":false,"sceneViewState":{"showFog":true,"showMaterialUpdate":false,"showSkybox":false,"showFlares":true,"showImageEffects":true,"showParticleSystems":true},"in2DMode":false,"pivot":{"x":-1.8907848596572877,"y":1.7047076225280762,"z":-2.683889150619507},"rotation":{"x":0.24058635532855988,"y":-0.5558231472969055,"z":0.17213097214698792,"w":0.7769147753715515},"size":3.419219493865967,"orthographic":false}