{"cameraMode":{"drawMode":0,"name":"Shaded","section":"Shading Mode"},"sceneLighting":false,"audioPlay":false,"sceneViewState":{"showFog":true,"showMaterialUpdate":false,"showSkybox":false,"showFlares":true,"showImageEffects":true,"showParticleSystems":true},"in2DMode":false,"pivot":{"x":11.0020751953125,"y":2.3150219917297365,"z":8.784744262695313},"rotation":{"x":-0.08755075186491013,"y":-0.07698802649974823,"z":0.00676076440140605,"w":-0.9934303760528565},"size":0.2691654860973358,"orthographic":false}