{"cameraMode":{"drawMode":0,"name":"Shaded","section":"Shading Mode"},"sceneLighting":true,"audioPlay":false,"sceneViewState":{"showFog":true,"showMaterialUpdate":false,"showSkybox":true,"showFlares":true,"showImageEffects":true,"showParticleSystems":true},"in2DMode":false,"pivot":{"x":9.979999542236329,"y":2.3299999237060549,"z":7.650000095367432},"rotation":{"x":0.10097043961286545,"y":0.31090131402015688,"z":-0.0332387275993824,"w":0.9444975256919861},"size":1.6300909519195557,"orthographic":true}